row_no,material_desc,cb1_bulan,cb1_shift,cb1_line,cb1_suhu_rata,cb2_suhu_rata,cb1_rata_ka,cb2_rata_ka,cb1_pct_yield,ck1_pct_yield,ka_ekstrem_count,is_defect,consensus_label,rf_status,gb_status,if_status,rf_proba_defect,gb_proba_defect,cluster
1,BODREX FLU & BATUK PE/4'S,DESEMBER,1,CB 1,71.55,71.49,5.0600000000000005,3.3825000000000003,102.1706,102.0,0,0,Normal,Normal,Normal,Normal,0.1048599108207434,1.059841616376784e-05,0
2,BODREX FLU & BATUK PE/4'S,DESEMBER,1,CB 1,78.25,71.61,4.985,3.3575,99.388,99.3968,0,1,Defect,Defect,Defect,Normal,0.907152961455071,0.999966553698788,2
3,BODREX FLU & BATUK PE/4'S,DESEMBER,1,CB 1,71.38,71.1,5.0600000000000005,3.25,101.7124,101.4603,0,0,Normal,Normal,Normal,Defect,0.1194303822240772,1.059841616376784e-05,0
4,BODREX FLU & BATUK PE/4'S,DESEMBER,1,CB 1,77.29,71.61,4.94,3.3575,94.8629,94.9841,1,1,Defect,Defect,Defect,Defect,0.8878910074899122,0.999966553698788,2
5,BODREX FLU & BATUK PE/4'S,DESEMBER,1,CB 1,71.8,71.39,4.945,3.345,101.9097,101.8095,0,0,Normal,Normal,Normal,Normal,0.0840342251229388,1.059841616376784e-05,0
6,BODREX FLU & BATUK PE/4'S,DESEMBER,1,CB 1,73.9,71.79,5.015000000000001,3.3675,102.5318,102.4127,0,0,Normal,Normal,Normal,Normal,0.0933761325963993,1.059841616376784e-05,0
7,BODREX FLU & BATUK PE/4'S,DESEMBER,1,CB 1,74.53,71.65,4.99,3.3625000000000003,101.7425,101.5873,0,0,Normal,Normal,Normal,Normal,0.1129996176818763,1.1627020559663254e-05,1
8,BODREX FLU & BATUK PE/4'S,DESEMBER,1,CB 1,73.85,72.16,4.88,3.4275,102.7525,102.6349,0,0,Normal,Normal,Normal,Normal,0.0669587916940875,1.059841616376784e-05,0
9,BODREX FLU & BATUK PE/4'S,JANUARI,1,CB 2,74.12,71.44,5.485,3.2875000000000005,98.99,99.0794,0,0,Normal,Normal,Defect,Normal,0.2888694056792695,0.9999637450516056,0
10,BODREX FLU & BATUK PE/4'S,JANUARI,1,CB 1,78.0,71.61,4.98,3.3575,96.0201,102.03175,0,1,Defect,Defect,Defect,Defect,0.8886199099439946,0.999966553698788,2
11,BODREX FLU & BATUK PE/4'S,JANUARI,2,CB 1,74.53,71.95,5.04,3.3475,102.4515,102.381,0,0,Normal,Normal,Normal,Normal,0.1645029040209347,1.059841616376784e-05,0
12,BODREX FLU & BATUK PE/4'S,JANUARI,1,CB 1,78.05,71.61,5.0600000000000005,3.3575,104.9833,102.03175,0,1,Defect,Defect,Defect,Defect,0.8560774874949716,0.999966553698788,2
13,BODREX FLU & BATUK PE/4'S,JANUARI,2,CB 1,74.22,71.36,4.99,3.2875,102.5251,102.5079,0,0,Normal,Normal,Normal,Normal,0.1004864719939383,1.059841616376784e-05,0
14,BODREX FLU & BATUK PE/4'S,JANUARI,1,CB 1,79.45,71.61,4.925,3.3575,106.1204,102.03175,0,1,Defect,Defect,Defect,Defect,0.9234249875341812,0.999966553698788,2
15,BODREX FLU & BATUK PE/4'S,JANUARI,2,CB 1,74.7,72.06,4.75,3.2425,101.9933,101.5873,0,0,Normal,Normal,Normal,Defect,0.0675186809705522,1.059841616376784e-05,0
16,BODREX FLU & BATUK PE/4'S,JANUARI,1,CB 1,73.9,71.94,4.77,3.315,102.7391,102.5714,0,0,Normal,Normal,Normal,Normal,0.0436078670126538,1.059841616376784e-05,0
17,BODREX FLU & BATUK PE/4'S,JANUARI,1,CB 1,76.8,71.61,5.05,3.3575,102.7391,102.03175,0,1,Defect,Defect,Defect,Defect,0.900145681008042,0.999966553698788,2
18,BODREX FLU & BATUK PE/4'S,JANUARI,1,CB 1,74.1,71.45,5.025,3.3575,100.9197,100.7619,0,0,Normal,Normal,Normal,Normal,0.1161766602552894,1.0562192837827576e-05,0
19,BODREX FLU & BATUK PE/4'S,JANUARI,2,CB 1,73.78,71.21,5.02,3.3225,102.6823,102.5397,0,0,Normal,Normal,Normal,Normal,0.0905571055283561,1.059841616376784e-05,0
20,BODREX FLU & BATUK PE/4'S,JANUARI,3,CB 1,73.85,71.49,4.99,3.3725000000000005,102.1572,102.0635,0,0,Normal,Normal,Normal,Normal,0.0427265762216759,1.059841616376784e-05,0
21,BODREX FLU & BATUK PE/4'S,JANUARI,1,CB 1,73.75,71.35,4.98,3.45,102.7224,102.5397,0,0,Normal,Normal,Normal,Normal,0.0883204961583267,1.059841616376784e-05,0
22,BODREX FLU & BATUK PE/4'S,JANUARI,2,CB 1,74.08,71.45,4.8,3.3225,101.9732,101.7778,0,0,Normal,Normal,Normal,Normal,0.058246246271334,1.059841616376784e-05,0
23,BODREX FLU & BATUK PE/4'S,JANUARI,2,CB 1,73.82,71.58,5.0600000000000005,3.385,102.4849,102.2857,0,0,Normal,Normal,Normal,Normal,0.0496683434740314,1.059841616376784e-05,0
24,BODREX FLU & BATUK PE/4'S,FEBRUARI,1,CB 1,74.1,71.78,5.015,3.3675,101.3813,101.2063,0,0,Normal,Normal,Normal,Normal,0.1019761572816508,1.0562192837827576e-05,0
25,BODREX FLU & BATUK PE/4'S,FEBRUARI,2,CB 1,74.12,71.58,5.02,3.4575,101.5619,101.3016,0,0,Normal,Normal,Defect,Normal,0.2118929481400623,0.9999108164995666,0
26,BODREX FLU & BATUK PE/4'S,FEBRUARI,2,CB 1,73.65,71.66,4.93,3.3175,102.9398,102.6349,0,0,Normal,Normal,Normal,Normal,0.0602280695024625,1.059841616376784e-05,0
27,BODREX FLU & BATUK PE/4'S,FEBRUARI,3,CB 1,74.1,71.7,4.955,3.355,102.388,102.127,0,0,Normal,Normal,Normal,Normal,0.0972352949407629,1.059841616376784e-05,0
28,BODREX FLU & BATUK PE/4'S,FEBRUARI,3,CB 1,73.85,71.56,4.99,3.35,102.5786,102.4127,0,0,Normal,Normal,Normal,Normal,0.0499768674868066,1.059841616376784e-05,1
29,BODREX FLU & BATUK PE/4'S,FEBRUARI,3,CB 1,73.7,71.91,4.775,3.29,102.3846,102.0635,0,0,Normal,Normal,Normal,Defect,0.0914669848458678,1.059841616376784e-05,1
30,BODREX FLU & BATUK PE/4'S,FEBRUARI,3,CB 1,73.58,72.36,4.885,3.3925,100.3478,100.2857,0,0,Normal,Normal,Normal,Defect,0.1792610680265243,1.1496442578316688e-05,0
31,BODREX FLU & BATUK PE/4'S,FEBRUARI,3,CB 1,73.6,71.43,4.995,3.39,101.1037,101.0476,0,1,Defect,Normal,Defect,Normal,0.2650443265041603,0.9999443474737268,0
32,BODREX FLU & BATUK PE/4'S,FEBRUARI,3,CB 1,73.47,71.63,4.9,3.4125,102.8528,102.5714,0,0,Normal,Normal,Normal,Defect,0.1545310353668531,1.6325385356778192e-05,0
33,BODREX FLU & BATUK PE/4'S,FEBRUARI,1,CB 1,74.65,72.1,4.890000000000001,3.3774999999999995,101.7391,101.6825,0,0,Normal,Normal,Defect,Normal,0.1750401402933722,0.9999464450064746,0
34,BODREX FLU & BATUK PE/4'S,FEBRUARI,1,CB 1,74.43,72.29,4.93,3.335,102.5117,102.381,0,0,Normal,Normal,Normal,Normal,0.0901282912669222,1.059841616376784e-05,0
35,BODREX FLU & BATUK PE/4'S,FEBRUARI,2,CB 1,75.1,71.94,5.02,3.285,102.1037,102.0,0,0,Normal,Normal,Normal,Defect,0.1042030824153407,1.059841616376784e-05,0
36,BODREX FLU & BATUK PE/4'S,FEBRUARI,1,CB 1,73.75,71.61,4.95,3.3575,101.4548,101.3651,0,1,Defect,Defect,Defect,Normal,0.5851549700038142,0.9999492706727166,0
37,BODREX FLU & BATUK PE/4'S,MARET,1,CB 1,73.92,71.43,4.965,3.385,102.4047,102.3175,0,0,Normal,Normal,Normal,Normal,0.199867938390906,1.1624620661199462e-05,0
38,BODREX FLU & BATUK PE/4'S,MARET,1,CB 1,74.02,71.55,5.05,3.4375,102.4281,102.2857,0,0,Normal,Normal,Normal,Normal,0.1376921730620244,1.059841616376784e-05,0
39,BODREX FLU & BATUK PE/4'S,MARET,2,CB 1,74.22,71.39,4.970000000000001,3.3375,100.9766,100.7937,0,0,Normal,Normal,Normal,Normal,0.1598739381481028,1.0562192837827576e-05,0
40,BODREX FLU & BATUK PE/4'S,MARET,2,CB 1,74.75,71.52,4.984999999999999,3.385,102.2542,102.127,0,0,Normal,Normal,Normal,Normal,0.0888440080554735,1.059841616376784e-05,0
41,BODREX FLU & BATUK PE/4'S,MARET,1,CB 1,74.32,71.65,4.925,3.45,102.6689,102.5397,0,0,Normal,Normal,Normal,Normal,0.1176346995859116,1.059841616376784e-05,0
42,BODREX FLU & BATUK PE/4'S,MARET,1,CB 1,74.12,71.6,4.995,3.4650000000000003,100.3612,0.0,0,1,Defect,Defect,Defect,Normal,0.6921793650635094,0.9999716456105174,0
43,BODREX FLU & BATUK PE/4'S,MARET,1,CB 1,74.11,71.61,5.02,3.3575,50.6789,100.6032,0,1,Defect,Defect,Defect,Normal,0.7939446876211699,0.9999716456105174,0
44,BODREX FLU & BATUK PE/4'S,MARET,1,CB 1,74.5,71.54,4.98,3.3200000000000003,103.8127,103.5873,0,1,Defect,Defect,Defect,Normal,0.6165539826052373,0.999966553698788,0
45,BODREX FLU & BATUK PE/4'S,MARET,1,CB 1,74.1,71.61,4.984999999999999,3.3575,102.2124,102.03175,0,0,Normal,Normal,Normal,Normal,0.4345782808331742,1.059841616376784e-05,0
46,BODREX FLU & BATUK PE/4'S,MARET,1,CB 1,74.1,71.61,4.984999999999999,3.3575,102.2124,102.03175,0,0,Normal,Normal,Normal,Normal,0.43410769259788,1.059841616376784e-05,0
