material_desc,batch_ke,lapis1_warna,cb1_bulan,cb1_shift,cb1_line,cb1_jml_decoct_kg,cb1_suhu_lot1_1,cb1_suhu_lot1_2,cb1_suhu_lot2_1,cb1_suhu_lot2_2,cb1_suhu_diosna_lot1_1,cb1_suhu_diosna_lot1_2,cb1_suhu_diosna_lot2_1,cb1_suhu_diosna_lot2_2,cb1_jml_granul_kg,cb1_teoritis_granul,cb1_pct_yield,cb1_ka1,cb1_ka2,cb1_rata_ka,cb1_mixer1,cb1_mixer2,cb1_chopper1,cb1_chopper2,cb1_inlet_lot1_ph1,cb1_inlet_lot1_ph2,cb1_inlet_lot2_ph1,cb1_inlet_lot2_ph2,cb1_outlet_lot1_ph1,cb1_outlet_lot1_ph2,cb1_outlet_lot2_ph1,cb1_outlet_lot2_ph2,cb1_waktu_lot1_ph1,cb1_waktu_lot1_ph2,cb1_waktu_lot2_ph1,cb1_waktu_lot2_ph2,cb1_no_ayakan_alex,cb1_no_ayakan_frewitt,ck1_jml_granul_nyata,ck1_teoritis_granul,ck1_pct_yield,ck1_ka_setelah_ck,ck1_keterangan,lapis2_warna,cb2_bulan,cb2_shift,cb2_line,cb2_jml_decoct_kg,cb2_suhu_lot1_1,cb2_suhu_lot1_2,cb2_suhu_lot2_1,cb2_suhu_lot2_2,cb2_suhu_lot3_1,cb2_suhu_lot3_2,cb2_suhu_lot4_1,cb2_suhu_lot4_2,cb2_suhu_diosna_lot1_1,cb2_suhu_diosna_lot1_2,cb2_suhu_diosna_lot2_1,cb2_suhu_diosna_lot2_2,cb2_suhu_diosna_lot3_1,cb2_suhu_diosna_lot3_2,cb2_suhu_diosna_lot4_1,cb2_suhu_diosna_lot4_2,cb2_jml_granul_kg,cb2_teoritis_granul,cb2_pct_yield,cb2_ka1,cb2_ka2,cb2_ka3,cb2_ka4,cb2_rata_ka,cb2_mixer1,cb2_mixer2,cb2_mixer3,cb2_mixer4,cb2_chopper1,cb2_chopper2,cb2_chopper3,cb2_chopper4,cb2_inlet_lot1_ph1,cb2_inlet_lot2_ph1,cb2_inlet_lot3_ph1,cb2_inlet_lot4_ph1,cb2_outlet_lot1_ph1,cb2_outlet_lot2_ph1,cb2_outlet_lot3_ph1,cb2_outlet_lot4_ph1,cb2_waktu_lot1_ph1,cb2_waktu_lot2_ph1,cb2_waktu_lot3_ph1,cb2_waktu_lot4_ph1,cb2_no_ayakan_alex,cb2_no_ayakan_frewitt,ck2_keterangan,is_defect,cb1_ka1_ekstrem,cb1_ka2_ekstrem,cb1_ka3_ekstrem,cb1_ka4_ekstrem,cb2_ka1_ekstrem,cb2_ka2_ekstrem,cb2_ka3_ekstrem,cb2_ka4_ekstrem,ck1_ka_setelah_ck_ekstrem,ck2_ka_setelah_ck_ekstrem,ka_ekstrem_count,cb1_suhu_rata,cb1_suhu_std,cb2_suhu_rata,cb2_suhu_std,cb1_yield_deviate,ck1_yield_deviate,cb2_yield_deviate,cb1_ka_outlier,cb2_ka_outlier,cb1_suhu_tinggi,cb2_suhu_tinggi,no_batch_num,lapis1_warna_enc,lapis2_warna_enc,cb1_bulan_num,cb2_bulan_num,cb1_line_enc,cb2_line_enc,ck1_keterangan_selesai,ck2_keterangan_selesai,row_no,defect_reasons,isolation_forest_pred,isolation_forest_score,rf_pred,rf_proba_defect,gb_pred,gb_proba_defect,model_vote_defect,model_consensus_pred,consensus_label,rf_status,gb_status,if_status,model_consensus_status,Cluster,Cluster_Label
BODREX FLU & BATUK PE/4'S,1.0,Orange,DESEMBER,1,CB 1,76.0,71.6,71.2,71.9,71.5,73.95,74.0,73.8,73.7,305.49,299.0,102.17056856187293,5.08,5.04,5.0600000000000005,19.3,19.2,10.9,11.0,86.9,81.7,82.6,83.2,38.3,36.4,38.3,36.2,16.366666666666667,1.8333333333333333,16.3,1.7666666666666666,52.0,1.5,321.3,315.0,102.0,5.0,SELESAI,KUNING,DESEMBER,2,CB 2,200.0,71.6,71.9,71.5,71.1,71.3,71.7,71.8,71.0,71.5,71.3,71.2,71.3,71.3,71.35,71.3,71.4,538.6,531.53,101.3301224766241,3.44,3.44,3.19,3.46,3.44,19.5,19.9,19.4,19.5,11.6,11.7,11.1,11.3,86.2,82.6,80.7,82.0,39.5,39.4,39.5,39.3,32.166666666666664,32.05,32.416666666666664,32.21666666666667,52.0,1.5,SELESAI,0,0,0,0,0,0,0,0,0,0,0,0,71.55,0.2887,71.49,0.3271,0,0,0,0,1,0,0,0,0,0,12,12,0,1,1,1,1,-,0,-0.4548366820755268,0,0.0856056344155458,0,1.0610163799494949e-05,0,0,Normal,Normal,Normal,Normal,Normal,0,Cluster 0
BODREX FLU & BATUK PE/4'S,5.5,Orange,DESEMBER,1,CB 1,114.0,80.4,80.9,71.1,80.6,73.95,74.0,73.8,73.7,297.17,299.0,99.38795986622074,4.98,4.99,4.985,21.9,20.2,11.4,11.2,80.1,78.9,84.1,80.95,41.6,41.2,40.3,38.25,46.5,41.66666666666666,0.0,0.0,52.0,1.5,313.1,315.0,99.3968253968254,5.57,SELESAI,KUNING,UNKNOWN,2,UNKNOWN,200.0,71.7,71.6,71.5,71.6,71.6,71.6,71.6,71.7,71.5,71.3,71.2,71.3,71.3,71.35,71.3,71.4,538.25,531.53,101.2125373920569,3.405,3.395,3.36,3.42,3.3675,18.9,18.9,18.8,19.0,10.85,11.0,10.8,11.0,83.4,82.85,83.4,82.8,40.1,40.25,40.3,40.0,33.25,33.641666666666666,33.475,34.54166666666667,52.0,1.5,TIDAK DIKETAHUI,1,0,0,0,0,0,0,0,0,0,0,0,78.25,4.7711,71.61,0.0641,0,0,0,0,1,1,0,0,0,0,12,0,0,-1,1,0,2,cb1_suhu_rata tinggi (78.25°C > 75°C) | cb1_suhu_lot1_1 tinggi (80.40°C > 75°C) | cb1_suhu_lot1_2 tinggi (80.90°C > 75°C) | cb1_suhu_lot2_2 tinggi (80.60°C > 75°C) | ck2_keterangan bukan status selesai: TIDAK DIKETAHUI,1,-0.4698091989596415,1,0.8267857818633154,1,0.999966553698788,3,1,Defect,Defect,Defect,Defect,Defect,1,Cluster 1
BODREX FLU & BATUK PE/4'S,2.0,Orange,DESEMBER,1,CB 1,76.0,71.3,71.5,71.0,71.7,73.95,74.0,73.8,73.7,304.12,299.0,101.7123745819398,5.08,5.04,5.0600000000000005,19.6,19.3,11.4,11.1,84.0,81.6,81.8,83.0,37.2,35.5,37.1,35.4,6.216666666666667,5.316666666666666,6.45,5.55,52.0,1.5,319.6,315.0,101.46031746031748,4.52,SELESAI,KUNING,DESEMBER,2,CB 2,200.0,70.7,71.1,70.6,71.2,71.0,71.4,71.3,71.5,71.5,71.3,71.2,71.3,71.3,71.35,71.3,71.4,533.3,531.53,100.33300095949429,3.15,3.42,3.17,3.26,3.25,18.6,18.5,18.5,19.9,10.5,11.0,11.1,11.6,85.2,84.3,78.6,84.6,40.1,40.3,40.2,39.8,32.21666666666667,31.45,32.3,32.13333333333333,52.0,1.5,SELESAI,0,0,0,0,0,0,0,0,0,0,0,0,71.38,0.2986,71.1,0.3207,0,0,0,0,1,0,0,0,0,0,12,12,0,1,1,1,3,-,1,-0.4890726485747309,0,0.1151826898576358,0,1.0610163799494949e-05,1,0,Normal,Normal,Normal,Defect,Normal,0,Cluster 0
BODREX FLU & BATUK PE/4'S,5.5,Orange,DESEMBER,1,CB 1,104.0,80.3,80.8,74.1,73.95,73.95,74.0,73.8,73.7,283.64,299.0,94.8628762541806,4.94,50.01,27.475,20.5,20.0,10.4,10.8,84.2,82.2,84.1,80.95,44.2,44.0,40.3,38.25,1.3333333333333333,45.16666666666666,0.0,0.0,52.0,1.5,299.2,315.0,94.984126984127,4.61,SELESAI,KUNING,UNKNOWN,2,UNKNOWN,200.0,71.7,71.6,71.5,71.6,71.6,71.6,71.6,71.7,71.5,71.3,71.2,71.3,71.3,71.35,71.3,71.4,538.25,531.53,101.2125373920569,3.405,3.395,3.36,3.42,3.3675,18.9,18.9,18.8,19.0,10.85,11.0,10.8,11.0,83.4,82.85,83.4,82.8,40.1,40.25,40.3,40.0,33.25,33.641666666666666,33.475,34.54166666666667,52.0,1.5,TIDAK DIKETAHUI,1,0,1,0,0,0,0,0,0,0,0,1,77.29,3.7732,71.61,0.0641,1,1,0,1,1,1,0,0,0,0,12,0,0,-1,1,0,4,cb1_suhu_rata tinggi (77.29°C > 75°C) | cb1_suhu_lot1_1 tinggi (80.30°C > 75°C) | cb1_suhu_lot1_2 tinggi (80.80°C > 75°C) | cb1_ka2 ekstrem (50.01% > 10%) | cb1_rata_ka ekstrem (27.47% > 10%) | Terdapat 1 indikator KA ekstrem | cb1_pct_yield rendah (94.86% < 99.0%) | ck1_pct_yield rendah (94.98% < 99.1%) | ck2_keterangan bukan status selesai: TIDAK DIKETAHUI,1,-0.5025449558726912,1,0.820403536060491,1,0.999966553698788,3,1,Defect,Defect,Defect,Defect,Defect,1,Cluster 1
BODREX FLU & BATUK PE/4'S,3.0,Orange,DESEMBER,1,CB 1,76.0,72.5,71.4,70.2,73.1,73.95,74.0,73.8,73.7,304.71000000000004,299.0,101.90969899665554,4.83,5.06,4.945,20.6,20.3,12.1,11.9,84.4,82.5,84.2,82.0,41.8,39.8,41.5,38.7,15.833333333333334,3.5,15.333333333333334,2.6666666666666665,52.0,1.5,320.7,315.0,101.8095238095238,4.84,SELESAI,KUNING,DESEMBER,2,CB 2,200.0,71.5,72.2,72.3,71.5,70.5,70.7,71.1,71.3,71.5,71.3,71.2,71.3,71.3,71.35,71.3,71.4,532.4599999999999,531.53,100.17496660583598,3.405,3.395,3.35,3.34,3.345,18.9,18.9,18.7,19.3,10.85,11.0,10.9,11.1,83.4,82.85,85.0,84.9,40.1,40.25,40.4,40.5,0.0,0.0,31.5,31.55,52.0,1.5,SELESAI,0,0,0,0,0,0,0,0,0,0,0,0,71.8,1.278,71.39,0.6402,0,0,0,0,1,0,0,0,0,0,12,12,0,1,1,1,5,-,1,-0.4619407351906743,0,0.0805305624614027,0,1.0610163799494949e-05,1,0,Normal,Normal,Normal,Defect,Normal,0,Cluster 0
BODREX FLU & BATUK PE/4'S,4.0,Orange,DESEMBER,1,CB 1,76.0,73.4,74.8,74.3,73.1,73.95,74.0,73.8,73.7,306.57000000000005,299.0,102.53177257525086,5.07,4.96,5.015000000000001,20.2,20.7,11.9,12.5,83.8,81.8,83.9,81.0,40.9,38.5,40.0,37.9,15.383333333333333,2.6333333333333333,16.083333333333332,2.5,52.0,1.5,322.6,315.0,102.41269841269842,4.71,SELESAI,KUNING,DESEMBER,1,CB 2,200.0,71.6,71.4,71.4,71.5,72.3,71.9,71.8,72.4,71.5,71.3,71.2,71.3,71.3,71.35,71.3,71.4,539.27,531.53,101.45617368728011,3.2,3.5,3.32,3.45,3.3675,19.3,19.2,19.5,19.5,11.3,11.0,11.4,11.6,85.2,84.8,84.9,83.8,40.4,39.9,40.2,39.8,31.5,30.83333333333333,31.58333333333333,30.966666666666665,52.0,1.5,SELESAI,0,0,0,0,0,0,0,0,0,0,0,0,73.9,0.7874,71.79,0.3907,0,0,0,0,1,0,0,0,0,0,12,12,0,1,1,1,6,-,0,-0.4218844171039971,0,0.0803451180497105,0,1.0610163799494949e-05,0,0,Normal,Normal,Normal,Normal,Normal,0,Cluster 0
BODREX FLU & BATUK PE/4'S,5.0,Orange,DESEMBER,1,CB 1,76.0,74.9,73.6,74.9,74.7,73.95,74.0,73.8,73.7,304.21000000000004,299.0,101.74247491638798,5.05,4.93,4.99,19.9,19.6,11.8,10.9,86.0,66.2,83.0,70.5,42.2,37.4,43.2,36.8,18.55,3.3666666666666667,21.65,2.0,52.0,1.5,320.0,315.0,101.58730158730158,5.02,SELESAI,KUNING,DESEMBER,2,CB 1,200.0,71.3,71.8,71.6,71.7,71.9,71.5,71.8,71.6,71.5,71.3,71.2,71.3,71.3,71.35,71.3,71.4,528.4,531.53,99.4111338964875,3.49,3.31,3.24,3.41,3.3625000000000003,18.4,18.5,18.7,18.6,9.7,9.6,9.5,9.8,81.7,80.3,82.1,80.7,43.8,44.1,44.0,43.9,30.366666666666667,31.666666666666668,31.53333333333333,30.566666666666663,52.0,1.5,SELESAI,0,0,0,0,0,0,0,0,0,0,0,0,74.53,0.6238,71.65,0.1927,0,0,0,0,1,0,0,0,0,0,12,12,0,0,1,1,7,-,1,-0.476310470616161,0,0.0931742356220756,0,1.0610163799494949e-05,1,0,Normal,Normal,Normal,Defect,Normal,0,Cluster 0
BODREX FLU & BATUK PE/4'S,6.0,Orange,DESEMBER,1,CB 1,76.0,74.9,73.6,73.3,73.6,73.95,74.0,73.8,73.7,307.23,299.0,102.75250836120402,4.92,4.84,4.88,19.5,19.9,10.8,11.8,85.1,81.3,82.3,66.4,42.6,39.1,44.2,38.3,15.1,2.7333333333333334,19.616666666666667,1.25,52.0,1.5,323.3,315.0,102.63492063492065,4.75,SELESAI,KUNING,DESEMBER,2,CB 2,200.0,72.7,71.9,72.0,71.8,72.1,71.9,72.5,72.4,71.5,71.3,71.2,71.3,71.3,71.35,71.3,71.4,536.32,531.53,100.90117208812298,3.35,3.44,3.47,3.45,3.4275,18.6,18.8,19.2,18.7,10.4,10.9,11.4,10.6,84.5,83.7,83.4,83.5,40.8,40.1,40.3,40.5,32.13333333333333,30.8,31.0,30.933333333333334,52.0,1.5,SELESAI,0,0,0,0,0,0,0,0,0,0,0,0,73.85,0.7141,72.16,0.3292,0,0,0,0,1,0,0,0,0,0,12,12,0,1,1,1,8,-,0,-0.4521328484457929,0,0.0624882034587934,0,1.0610163799494949e-05,0,0,Normal,Normal,Normal,Normal,Normal,0,Cluster 0
BODREX FLU & BATUK PE/4'S,7.0,Orange,JANUARI,1,CB 2,76.0,73.3,74.0,74.2,75.0,72.9,73.4,73.8,74.8,295.98,299.0,98.98996655518395,5.9,5.07,5.485,21.2,20.6,12.0,11.5,80.1,79.8,83.2,80.9,37.6,35.7,40.0,38.8,16.5,3.4166666666666665,15.116666666666667,2.283333333333333,52.0,1.5,312.1,315.0,99.07936507936508,4.99,SELESAI,KUNING,JANUARI,1,CB 2,200.0,71.8,71.6,71.4,71.2,71.0,70.8,71.9,71.8,71.5,71.2,71.2,71.0,70.8,70.5,71.5,71.5,535.4,531.53,100.72808684364006,3.18,3.21,3.3,3.46,3.2875000000000005,19.2,18.9,19.0,18.7,11.3,10.9,11.0,10.6,81.3,83.6,82.7,77.3,41.3,40.3,40.7,40.4,35.53333333333333,34.4,33.93333333333333,35.78333333333333,52.0,1.5,SELESAI,0,0,0,0,0,0,0,0,0,0,0,0,74.12,0.6994,71.44,0.4069,1,1,0,0,1,0,0,0,0,0,1,1,1,1,1,1,9,-,1,-0.4678311301992621,0,0.2689378096262936,0,0.4855374433262629,1,0,Normal,Normal,Normal,Defect,Normal,0,Cluster 0
BODREX FLU & BATUK PE/4'S,5.5,Orange,JANUARI,1,CB 1,84.0,78.0,77.4,78.5,78.1,77.7,76.8,78.0,77.5,287.1,299.0,96.02006688963212,5.04,4.92,4.98,20.1,20.3,11.5,11.6,81.1,82.3,84.1,80.95,44.6,44.8,40.3,38.25,33.266666666666666,33.666666666666664,0.0,0.0,52.0,1.5,321.5,315.0,102.03174603174602,4.735,TIDAK DIKETAHUI,KUNING,UNKNOWN,2,UNKNOWN,200.0,71.7,71.6,71.5,71.6,71.6,71.6,71.6,71.7,71.5,71.3,71.2,71.3,71.3,71.35,71.3,71.4,538.25,531.53,101.2125373920569,3.405,3.395,3.36,3.42,3.3675,18.9,18.9,18.8,19.0,10.85,11.0,10.8,11.0,83.4,82.85,83.4,82.8,40.1,40.25,40.3,40.0,33.25,33.641666666666666,33.475,34.54166666666667,52.0,1.5,TIDAK DIKETAHUI,1,0,0,0,0,0,0,0,0,0,0,0,78.0,0.4546,71.61,0.0641,1,0,0,0,1,1,0,0,0,0,1,0,0,-1,0,0,10,cb1_suhu_rata tinggi (78.00°C > 75°C) | cb1_suhu_lot1_1 tinggi (78.00°C > 75°C) | cb1_suhu_lot1_2 tinggi (77.40°C > 75°C) | cb1_suhu_lot2_1 tinggi (78.50°C > 75°C) | cb1_suhu_lot2_2 tinggi (78.10°C > 75°C) | cb1_suhu_diosna_lot1_1 tinggi (77.70°C > 75°C) | cb1_suhu_diosna_lot1_2 tinggi (76.80°C > 75°C) | cb1_suhu_diosna_lot2_1 tinggi (78.00°C > 75°C) | cb1_suhu_diosna_lot2_2 tinggi (77.50°C > 75°C) | cb1_pct_yield rendah (96.02% < 99.0%) | ck1_keterangan bukan status selesai: TIDAK DIKETAHUI | ck2_keterangan bukan status selesai: TIDAK DIKETAHUI,1,-0.491013127616042,1,0.8143820556300987,1,0.999966553698788,3,1,Defect,Defect,Defect,Defect,Defect,1,Cluster 1
BODREX FLU & BATUK PE/4'S,8.0,Orange,JANUARI,2,CB 1,76.0,75.0,73.9,74.7,74.5,74.9,73.7,73.6,73.8,306.33,299.0,102.4515050167224,5.05,5.03,5.04,21.2,10.0,12.0,11.5,84.7,83.2,85.0,83.5,40.8,39.5,40.9,39.7,15.933333333333334,3.0,16.0,3.333333333333333,52.0,1.5,322.5,315.0,102.38095238095238,5.18,SELESAI,KUNING,JANUARI,1,CB 2,200.0,72.2,72.4,72.0,72.2,71.6,71.5,71.9,71.8,72.0,72.0,71.7,72.0,71.3,71.2,71.4,71.5,540.4,531.53,101.6687675201776,10.44,3.47,3.17,3.31,5.097499999999999,18.6,18.9,18.8,19.2,10.4,11.0,10.7,11.3,80.7,80.1,83.5,82.3,42.3,42.6,42.1,41.2,39.083333333333336,40.0,38.88333333333333,37.81666666666667,52.0,1.5,SELESAI,0,0,0,0,0,1,0,0,0,0,0,1,74.53,0.4646,71.95,0.3117,0,0,0,0,0,0,0,0,0,0,1,1,0,1,1,1,11,-,0,-0.4514361677183988,0,0.1348115206274227,0,3.455652214850417e-05,0,0,Normal,Normal,Normal,Normal,Normal,0,Cluster 0
BODREX FLU & BATUK PE/4'S,5.5,Orange,JANUARI,1,CB 1,84.0,78.9,78.1,77.2,78.0,78.2,77.6,76.8,77.5,313.9,299.0,104.98327759197323,5.08,5.04,5.0600000000000005,20.3,20.0,11.7,11.1,84.4,80.2,84.1,80.95,44.3,44.5,40.3,38.25,33.45,33.6,0.0,0.0,52.0,1.5,321.5,315.0,102.03174603174602,4.735,TIDAK DIKETAHUI,KUNING,UNKNOWN,2,UNKNOWN,200.0,71.7,71.6,71.5,71.6,71.6,71.6,71.6,71.7,71.5,71.3,71.2,71.3,71.3,71.35,71.3,71.4,538.25,531.53,101.2125373920569,3.405,3.395,3.36,3.42,3.3675,18.9,18.9,18.8,19.0,10.85,11.0,10.8,11.0,83.4,82.85,83.4,82.8,40.1,40.25,40.3,40.0,33.25,33.641666666666666,33.475,34.54166666666667,52.0,1.5,TIDAK DIKETAHUI,1,0,0,0,0,0,0,0,0,0,0,0,78.05,0.6952,71.61,0.0641,1,0,0,0,1,1,0,0,0,0,1,0,0,-1,0,0,12,cb1_suhu_rata tinggi (78.05°C > 75°C) | cb1_suhu_lot1_1 tinggi (78.90°C > 75°C) | cb1_suhu_lot1_2 tinggi (78.10°C > 75°C) | cb1_suhu_lot2_1 tinggi (77.20°C > 75°C) | cb1_suhu_lot2_2 tinggi (78.00°C > 75°C) | cb1_suhu_diosna_lot1_1 tinggi (78.20°C > 75°C) | cb1_suhu_diosna_lot1_2 tinggi (77.60°C > 75°C) | cb1_suhu_diosna_lot2_1 tinggi (76.80°C > 75°C) | cb1_suhu_diosna_lot2_2 tinggi (77.50°C > 75°C) | cb1_pct_yield tinggi (104.98% > 103.1%) | ck1_keterangan bukan status selesai: TIDAK DIKETAHUI | ck2_keterangan bukan status selesai: TIDAK DIKETAHUI,1,-0.4866481253982329,1,0.783854429763324,1,0.999966553698788,3,1,Defect,Defect,Defect,Defect,Defect,1,Cluster 1
BODREX FLU & BATUK PE/4'S,9.0,Orange,JANUARI,2,CB 1,76.0,74.3,74.8,74.3,73.5,74.5,74.0,74.1,73.9,306.54999999999995,299.0,102.5250836120401,5.1,4.88,4.99,20.8,20.6,11.8,11.3,83.8,80.2,84.4,79.6,40.2,39.9,40.3,39.7,17.416666666666668,2.216666666666667,17.516666666666666,2.7666666666666666,52.0,1.5,322.9,315.0,102.5079365079365,4.8,SELESAI,KUNING,JANUARI,1,CB 2,200.0,71.0,71.3,71.8,70.6,71.5,71.7,71.1,71.9,70.8,71.0,71.0,70.5,71.0,71.3,70.8,71.6,534.4,531.53,100.53995070833255,3.17,3.39,3.32,3.27,3.2875,18.9,18.6,18.4,18.6,10.4,10.8,10.3,10.6,83.8,82.6,82.9,83.0,42.5,41.0,41.3,40.8,39.0,37.13333333333333,38.0,38.5,52.0,1.5,SELESAI,0,0,0,0,0,0,0,0,0,0,0,0,74.22,0.5377,71.36,0.447,0,0,0,0,1,0,0,0,0,0,1,1,0,1,1,1,13,-,0,-0.4463726199621204,0,0.0928751111705392,0,1.0610163799494949e-05,0,0,Normal,Normal,Normal,Normal,Normal,0,Cluster 0
BODREX FLU & BATUK PE/4'S,5.5,Orange,JANUARI,1,CB 1,96.0,78.6,78.3,80.6,80.3,77.5,76.8,77.3,77.1,317.3,299.0,106.12040133779264,5.04,4.81,4.925,20.3,20.1,11.5,11.2,85.6,83.4,84.1,80.95,45.2,45.9,40.3,38.25,35.21666666666667,35.85,0.0,0.0,52.0,1.5,321.5,315.0,102.03174603174602,4.735,TIDAK DIKETAHUI,KUNING,UNKNOWN,2,UNKNOWN,200.0,71.7,71.6,71.5,71.6,71.6,71.6,71.6,71.7,71.5,71.3,71.2,71.3,71.3,71.35,71.3,71.4,538.25,531.53,101.2125373920569,3.405,3.395,3.36,3.42,3.3675,18.9,18.9,18.8,19.0,10.85,11.0,10.8,11.0,83.4,82.85,83.4,82.8,40.1,40.25,40.3,40.0,33.25,33.641666666666666,33.475,34.54166666666667,52.0,1.5,TIDAK DIKETAHUI,1,0,0,0,0,0,0,0,0,0,0,0,79.45,1.1676,71.61,0.0641,1,0,0,0,1,1,0,0,0,0,1,0,0,-1,0,0,14,cb1_suhu_rata tinggi (79.45°C > 75°C) | cb1_suhu_lot1_1 tinggi (78.60°C > 75°C) | cb1_suhu_lot1_2 tinggi (78.30°C > 75°C) | cb1_suhu_lot2_1 tinggi (80.60°C > 75°C) | cb1_suhu_lot2_2 tinggi (80.30°C > 75°C) | cb1_suhu_diosna_lot1_1 tinggi (77.50°C > 75°C) | cb1_suhu_diosna_lot1_2 tinggi (76.80°C > 75°C) | cb1_suhu_diosna_lot2_1 tinggi (77.30°C > 75°C) | cb1_suhu_diosna_lot2_2 tinggi (77.10°C > 75°C) | cb1_pct_yield tinggi (106.12% > 103.1%) | ck1_keterangan bukan status selesai: TIDAK DIKETAHUI | ck2_keterangan bukan status selesai: TIDAK DIKETAHUI,1,-0.5034984056431934,1,0.8451698427449444,1,0.999966553698788,3,1,Defect,Defect,Defect,Defect,Defect,1,Cluster 1
BODREX FLU & BATUK PE/4'S,10.0,Orange,JANUARI,2,CB 1,76.0,74.9,74.7,74.8,74.4,74.5,74.3,74.3,74.0,304.96,299.0,101.99331103678928,4.79,4.71,4.75,21.3,21.0,12.2,12.1,83.2,81.1,84.4,80.3,40.3,39.8,40.1,39.9,17.5,2.35,17.683333333333334,2.833333333333333,52.0,1.5,320.0,315.0,101.58730158730158,4.29,SELESAI,KUNING,JANUARI,3,CB 2,200.0,72.0,71.7,72.9,72.9,71.5,71.7,71.8,72.0,71.8,71.5,72.9,72.7,71.3,71.5,71.6,71.8,533.2,531.53,100.31418734596356,3.22,3.34,3.22,3.19,3.2425,18.9,19.3,18.5,18.7,10.9,11.7,10.2,11.0,80.1,80.8,80.0,81.0,40.6,40.6,40.8,40.7,32.1,33.65,33.61666666666667,36.21666666666667,52.0,1.5,SELESAI,0,0,0,0,0,0,0,0,0,0,0,0,74.7,0.216,72.06,0.5423,0,0,0,0,1,0,0,0,0,0,1,1,0,1,1,1,15,-,1,-0.4687595688609826,0,0.0590122383935214,0,1.0610163799494949e-05,1,0,Normal,Normal,Normal,Defect,Normal,0,Cluster 0
BODREX FLU & BATUK PE/4'S,11.0,Orange,JANUARI,1,CB 1,76.0,73.8,74.0,74.2,73.6,73.5,73.7,74.0,73.5,307.19,299.0,102.7391304347826,4.72,4.82,4.77,20.8,20.9,11.9,12.0,82.8,79.9,83.3,80.1,40.4,39.8,40.0,39.7,17.5,2.8,17.85,2.65,52.0,1.5,323.1,315.0,102.57142857142858,4.42,SELESAI,KUNING,JANUARI,3,CB 2,200.0,72.2,72.8,71.9,71.5,71.8,71.7,72.0,71.6,72.0,72.6,71.7,71.3,71.6,71.5,71.8,71.4,538.25,531.53,101.26427482926644,3.4,3.37,3.17,3.32,3.315,19.0,18.9,18.6,18.8,11.6,10.6,10.7,9.8,83.6,82.0,81.0,85.4,40.6,40.8,40.8,41.0,33.71666666666667,33.5,33.833333333333336,35.0,52.0,1.5,SELESAI,0,0,0,0,0,0,0,0,0,0,0,0,73.9,0.2582,71.94,0.4138,0,0,0,0,1,0,0,0,0,0,1,1,0,1,1,1,16,-,0,-0.4325147594217022,0,0.0348347577689563,0,1.0610163799494949e-05,0,0,Normal,Normal,Normal,Normal,Normal,0,Cluster 0
BODREX FLU & BATUK PE/4'S,5.5,Orange,JANUARI,1,CB 1,96.0,77.0,78.0,75.2,77.0,76.4,77.5,74.8,76.5,307.19,299.0,102.7391304347826,5.02,5.08,5.05,19.8,19.8,10.8,11.0,85.1,86.6,84.1,80.95,46.0,47.0,40.3,38.25,40.75,43.46666666666667,0.0,0.0,52.0,1.5,321.5,315.0,102.03174603174602,4.735,TIDAK DIKETAHUI,KUNING,UNKNOWN,2,UNKNOWN,200.0,71.7,71.6,71.5,71.6,71.6,71.6,71.6,71.7,71.5,71.3,71.2,71.3,71.3,71.35,71.3,71.4,538.25,531.53,0.0,3.405,3.395,3.36,3.42,3.3675,18.9,18.9,18.8,19.0,10.85,11.0,10.8,11.0,83.4,82.85,83.4,82.8,40.1,40.25,40.3,40.0,0.0,0.0,0.0,0.0,52.0,1.5,TIDAK DIKETAHUI,1,0,0,0,0,0,0,0,0,0,0,0,76.8,1.1662,71.61,0.0641,0,0,1,0,1,1,0,0,0,0,1,0,0,-1,0,0,17,cb1_suhu_rata tinggi (76.80°C > 75°C) | cb1_suhu_lot1_1 tinggi (77.00°C > 75°C) | cb1_suhu_lot1_2 tinggi (78.00°C > 75°C) | cb1_suhu_lot2_1 tinggi (75.20°C > 75°C) | cb1_suhu_lot2_2 tinggi (77.00°C > 75°C) | cb1_suhu_diosna_lot1_1 tinggi (76.40°C > 75°C) | cb1_suhu_diosna_lot1_2 tinggi (77.50°C > 75°C) | cb1_suhu_diosna_lot2_2 tinggi (76.50°C > 75°C) | ck1_keterangan bukan status selesai: TIDAK DIKETAHUI | ck2_keterangan bukan status selesai: TIDAK DIKETAHUI,1,-0.5310499834875473,1,0.8204178613716326,1,0.999966553698788,3,1,Defect,Defect,Defect,Defect,Defect,1,Cluster 1
BODREX FLU & BATUK PE/4'S,12.0,Orange,JANUARI,1,CB 1,76.0,74.2,74.5,73.8,73.9,73.9,74.2,73.5,73.7,301.75,299.0,100.91973244147157,4.97,5.08,5.025,21.5,20.5,12.6,11.3,85.7,85.3,85.7,83.7,43.1,40.0,43.1,40.0,18.566666666666663,3.45,18.75,18.633333333333333,52.0,1.5,317.4,315.0,100.76190476190476,4.42,SELESAI,KUNING,JANUARI,1,CB 2,200.0,71.5,71.3,71.0,71.7,71.4,71.9,71.2,71.6,71.2,70.8,70.9,71.4,70.4,71.8,70.5,70.7,533.49,531.53,100.36874682520272,3.45,3.22,3.32,3.44,3.3575,19.6,19.8,26.2,19.4,10.2,10.7,10.9,10.3,83.2,84.6,83.9,83.8,40.3,41.2,40.8,40.4,31.466666666666665,32.2,32.083333333333336,31.33333333333333,52.0,1.5,SELESAI,0,0,0,0,0,0,0,0,0,0,0,0,74.1,0.3162,71.45,0.2878,0,0,0,0,1,0,0,0,0,0,1,1,0,1,1,1,18,-,1,-0.4663651127291311,0,0.1127664148643672,0,1.0610163799494949e-05,1,0,Normal,Normal,Normal,Defect,Normal,0,Cluster 0
BODREX FLU & BATUK PE/4'S,13.0,Orange,JANUARI,2,CB 1,76.0,74.0,73.2,74.4,73.5,73.4,74.1,73.8,73.0,307.02,299.0,102.68227424749163,4.94,5.1,5.02,21.5,20.8,12.1,11.5,85.7,84.1,82.4,81.9,41.5,38.7,41.8,37.9,16.833333333333332,4.033333333333333,16.95,3.3833333333333333,52.0,1.5,323.0,315.0,102.53968253968252,4.42,SELESAI,KUNING,JANUARI,2,CB 2,200.0,71.3,71.1,70.9,71.2,71.4,71.2,71.5,71.1,71.1,70.9,70.7,71.0,71.2,71.0,71.3,70.9,541.14,531.53,101.80798826030517,3.48,3.45,3.14,3.22,3.3225,19.6,19.3,19.7,19.8,10.5,10.6,10.8,11.0,84.2,84.0,84.7,82.8,40.1,39.9,40.1,40.8,33.18333333333333,32.166666666666664,32.28333333333333,32.3,52.0,1.5,SELESAI,0,0,0,0,0,0,0,0,0,0,0,0,73.78,0.5315,71.21,0.1885,0,0,0,0,1,0,0,0,0,0,1,1,0,1,1,1,19,-,0,-0.4287276964678128,0,0.0876331142754527,0,1.0610163799494949e-05,0,0,Normal,Normal,Normal,Normal,Normal,0,Cluster 0
BODREX FLU & BATUK PE/4'S,14.0,Orange,JANUARI,3,CB 1,76.0,74.0,73.8,74.0,73.6,73.8,73.5,73.6,72.2,305.45,299.0,102.1571906354515,5.09,4.89,4.99,20.8,21.0,11.4,11.8,86.7,82.1,84.2,80.0,42.0,37.6,42.8,37.4,16.033333333333335,3.083333333333333,19.7,2.3666666666666667,52.0,1.5,321.5,315.0,102.06349206349203,4.42,SELESAI,KUNING,FEBRUARI,1,CB 2,200.0,72.1,71.0,71.3,71.5,71.6,71.4,71.8,71.2,71.6,70.8,71.0,71.2,71.2,71.0,71.0,70.8,530.6600000000001,531.53,99.83632156228248,3.48,3.26,3.38,3.37,3.3725000000000005,18.7,18.6,18.9,18.6,10.7,10.6,10.9,10.5,80.2,77.8,75.6,80.1,39.9,40.1,40.0,40.0,38.25,38.2,38.28333333333333,38.5,52.0,1.5,SELESAI,0,0,0,0,0,0,0,0,0,0,0,0,73.85,0.1915,71.49,0.3482,0,0,0,0,1,0,0,0,0,0,1,2,0,1,1,1,20,-,0,-0.4306858135388724,0,0.041278375393776,0,1.0610163799494949e-05,0,0,Normal,Normal,Normal,Normal,Normal,0,Cluster 0
BODREX FLU & BATUK PE/4'S,1.0,Orange,JANUARI,1,CB 1,76.0,73.5,73.9,73.9,73.7,73.3,73.6,73.5,73.4,307.14,299.0,102.72240802675586,4.87,5.09,4.98,20.0,20.3,10.8,11.5,86.4,82.2,85.9,82.5,43.0,39.1,41.8,38.6,18.633333333333333,2.033333333333333,16.616666666666667,4.266666666666667,52.0,1.5,323.0,315.0,102.53968253968252,4.42,SELESAI,KUNING,JANUARI,1,CB 2,200.0,71.8,71.2,71.9,71.1,71.0,71.6,71.2,71.0,70.5,70.7,71.7,71.0,70.8,71.4,71.0,70.8,517.35,531.53,97.33222960133952,3.44,3.39,3.48,3.49,3.45,19.5,19.7,19.5,19.3,10.2,10.8,10.6,10.7,83.9,84.1,85.1,82.7,40.0,40.5,40.2,40.0,32.166666666666664,32.25,32.333333333333336,32.083333333333336,52.0,1.5,SELESAI,0,0,0,0,0,0,0,0,0,0,0,0,73.75,0.1915,71.35,0.3625,0,0,1,0,1,0,0,0,0,0,1,1,0,1,1,1,21,-,0,-0.4456145092570234,0,0.0849665774874101,0,1.0610163799494949e-05,0,0,Normal,Normal,Normal,Normal,Normal,0,Cluster 0
BODREX FLU & BATUK PE/4'S,2.0,Orange,JANUARI,2,CB 1,76.0,74.4,73.5,74.6,73.8,74.2,73.3,74.4,73.6,304.9,299.0,101.9732441471572,4.81,4.79,4.8,20.5,20.9,11.4,12.3,86.5,78.3,81.7,80.1,42.1,38.0,41.5,37.8,16.833333333333332,2.7,16.5,3.3,52.0,1.5,320.6,315.0,101.7777777777778,4.42,SELESAI,KUNING,JANUARI,3,CB 2,200.0,71.8,71.6,71.4,71.2,71.4,71.6,71.2,71.4,71.4,71.3,71.1,71.0,71.0,71.3,71.0,71.1,543.98,531.53,102.3422948845785,3.12,3.44,3.29,3.44,3.3225,19.2,19.5,19.6,19.7,10.2,10.4,10.6,10.8,88.6,81.8,84.5,85.3,40.8,40.0,40.2,40.1,33.25,31.766666666666666,32.25,31.466666666666665,52.0,1.5,SELESAI,0,0,0,0,0,0,0,0,0,0,0,0,74.08,0.5123,71.45,0.207,0,0,1,0,1,0,0,0,0,0,1,1,0,1,1,1,22,-,0,-0.4449427580677771,0,0.0570456683559573,0,1.0610163799494949e-05,0,0,Normal,Normal,Normal,Normal,Normal,0,Cluster 0
BODREX FLU & BATUK PE/4'S,3.0,Orange,JANUARI,2,CB 1,76.0,74.3,73.3,73.5,74.2,74.1,73.1,73.2,74.0,306.43,299.0,102.48494983277592,5.05,5.07,5.0600000000000005,21.4,20.3,10.4,10.0,86.5,74.8,81.8,78.5,42.3,36.9,41.8,37.3,16.916666666666668,3.25,15.883333333333333,3.333333333333333,52.0,1.5,322.2,315.0,102.28571428571428,4.42,SELESAI,KUNING,FEBRUARI,1,CB 2,200.0,71.4,71.7,71.0,71.9,71.6,71.2,72.0,71.8,70.7,71.2,70.6,71.3,71.2,70.8,71.6,71.4,539.16,531.53,101.43547871239628,3.34,3.26,3.48,3.46,3.385,18.8,18.8,18.9,18.9,11.0,10.6,11.2,10.3,80.2,82.7,84.1,83.1,40.0,40.1,39.8,39.6,38.28333333333333,38.333333333333336,39.03333333333333,38.7,52.0,1.5,SELESAI,0,0,0,0,0,0,0,0,0,0,0,0,73.82,0.4992,71.58,0.3495,0,0,0,0,1,0,0,0,0,0,1,2,0,1,1,1,23,-,0,-0.4441052775839182,0,0.0462442017243083,0,1.0610163799494949e-05,0,0,Normal,Normal,Normal,Normal,Normal,0,Cluster 0
BODREX FLU & BATUK PE/4'S,4.0,Orange,FEBRUARI,1,CB 1,76.0,73.5,73.7,74.8,74.4,73.3,74.0,74.5,73.7,303.13,299.0,101.38127090301003,4.97,5.06,5.015,19.1,19.4,10.4,11.2,85.6,81.8,84.1,73.3,42.6,38.6,41.6,36.4,15.833333333333334,2.95,15.766666666666667,4.383333333333334,52.0,1.5,318.8,315.0,101.20634920634922,4.76,SELESAI,KUNING,FEBRUARI,2,CB 2,200.0,72.0,72.2,72.0,71.8,71.6,71.4,71.7,71.5,71.6,72.0,71.5,71.3,71.2,71.1,71.3,71.2,542.04,531.53,101.97731078208191,3.3,3.32,3.44,3.41,3.3675,18.9,19.0,18.8,19.1,10.6,11.5,10.2,11.6,88.1,86.2,84.8,87.3,39.2,39.8,40.3,40.1,33.25,33.63333333333333,32.68333333333333,33.38333333333333,52.0,1.5,SELESAI,0,0,0,0,0,0,0,0,0,0,0,0,74.1,0.6055,71.78,0.2765,0,0,0,0,1,0,0,0,0,0,2,2,0,1,1,1,24,-,0,-0.4217485404961056,0,0.1041373975917283,0,1.0610163799494949e-05,0,0,Normal,Normal,Normal,Normal,Normal,0,Cluster 0
BODREX FLU & BATUK PE/4'S,5.0,Orange,FEBRUARI,2,CB 1,76.0,74.9,74.6,73.6,73.4,74.6,74.0,73.4,73.2,303.67,299.0,101.56187290969898,5.04,5.0,5.02,20.1,20.1,11.4,11.3,83.8,82.8,83.0,80.0,41.7,38.0,43.2,38.2,18.78333333333333,1.5,18.0,2.1333333333333333,52.0,1.5,319.1,315.0,101.30158730158732,4.49,SELESAI,KUNING,FEBRUARI,2,CB 2,200.0,71.7,71.5,71.4,71.2,71.5,71.8,71.6,71.9,71.4,71.2,71.1,71.0,71.3,71.6,71.4,71.2,543.35,531.53,102.22376911933476,3.47,3.47,3.47,3.42,3.4575,19.3,19.2,18.8,20.1,11.9,11.7,10.4,10.8,83.8,86.7,84.8,83.9,39.7,39.4,39.6,39.4,32.266666666666666,32.45,32.35,31.966666666666665,52.0,1.5,SELESAI,0,0,0,0,0,0,0,0,0,0,0,0,74.12,0.7365,71.58,0.2252,0,0,0,0,1,0,0,0,0,0,2,2,0,1,1,1,25,-,0,-0.4238316676128217,0,0.1814624417035943,0,1.0610163799494949e-05,0,0,Normal,Normal,Normal,Normal,Normal,0,Cluster 0
BODREX FLU & BATUK PE/4'S,6.0,Orange,FEBRUARI,2,CB 1,76.0,73.5,74.3,73.2,73.6,73.3,74.1,73.1,73.5,307.79,299.0,102.93979933110369,4.79,5.07,4.93,20.4,20.3,11.2,10.8,82.6,82.3,83.6,82.1,41.6,38.6,42.6,38.2,20.0,3.0,18.016666666666666,2.083333333333333,52.0,1.5,323.3,315.0,102.63492063492065,4.61,SELESAI,KUNING,FEBRUARI,3,CB 2,200.0,71.7,71.3,71.4,71.6,71.8,71.5,71.9,72.1,71.5,71.1,71.2,71.4,71.6,71.3,71.7,71.9,533.34,531.53,100.3405264049066,3.35,3.42,3.2,3.3,3.3175,19.6,19.4,19.8,20.2,10.2,10.9,10.7,10.6,84.9,83.8,84.8,83.7,40.0,39.8,40.7,39.9,33.25,32.2,33.333333333333336,32.5,52.0,1.5,SELESAI,0,0,0,0,0,0,0,0,0,0,0,0,73.65,0.4655,71.66,0.2669,0,0,0,0,1,0,0,0,0,0,2,2,0,1,1,1,26,-,0,-0.4275355082547188,0,0.0654772649946128,0,1.0610163799494949e-05,0,0,Normal,Normal,Normal,Normal,Normal,0,Cluster 0
BODREX FLU & BATUK PE/4'S,7.0,Orange,FEBRUARI,3,CB 1,76.0,74.2,74.3,73.6,74.3,74.0,74.1,73.4,74.1,306.14,299.0,102.38795986622074,4.85,5.06,4.955,19.9,20.6,11.4,11.3,84.5,82.2,83.5,80.8,43.3,38.7,41.8,38.3,17.016666666666666,2.0,17.716666666666665,3.2,52.0,1.5,321.7,315.0,102.12698412698413,4.92,SELESAI,KUNING,FEBRUARI,2,CB 2,200.0,72.0,71.8,71.9,71.6,71.9,71.3,71.5,71.6,71.8,71.6,71.6,71.2,71.5,71.0,71.2,71.0,543.202,531.53,102.19592497130924,3.35,3.49,3.36,3.22,3.355,20.2,19.0,19.1,18.9,11.4,10.6,10.8,11.0,80.0,78.7,84.8,80.2,40.0,40.2,40.3,40.4,40.083333333333336,40.2,40.28333333333333,40.333333333333336,52.0,1.5,SELESAI,0,0,0,0,0,0,0,0,0,0,0,0,74.1,0.3367,71.7,0.239,0,0,0,0,1,0,0,0,0,0,2,2,0,1,1,1,27,-,0,-0.4281185793519698,0,0.0938999400630824,0,1.0610163799494949e-05,0,0,Normal,Normal,Normal,Normal,Normal,0,Cluster 0
BODREX FLU & BATUK PE/4'S,8.0,Orange,FEBRUARI,3,CB 1,76.0,74.2,74.1,73.4,73.7,74.2,74.1,73.4,73.7,306.71,299.0,102.57859531772576,4.99,4.99,4.99,20.6,20.4,12.1,11.8,87.6,84.1,84.5,80.3,42.0,38.5,41.6,38.4,17.366666666666667,2.3,18.23333333333333,2.4333333333333336,52.0,1.5,322.6,315.0,102.41269841269842,4.81,SELESAI,KUNING,FEBRUARI,1,CB 1,200.0,71.8,71.4,71.6,71.8,72.0,71.1,71.3,71.5,71.5,71.3,71.3,71.3,71.8,71.35,71.0,71.4,528.57,531.53,99.4431170394898,3.41,3.34,3.5,3.15,3.35,18.9,19.0,18.9,19.2,9.2,9.7,9.6,9.7,80.9,83.0,80.7,80.5,44.1,44.2,44.6,44.8,31.33333333333333,31.566666666666663,31.616666666666667,32.56666666666667,52.0,1.5,SELESAI,0,0,0,0,0,0,0,0,0,0,0,0,73.85,0.3697,71.56,0.2973,0,0,0,0,1,0,0,0,0,0,2,2,0,0,1,1,28,-,0,-0.4582048595210059,0,0.050701073076019,0,1.0610163799494949e-05,0,0,Normal,Normal,Normal,Normal,Normal,0,Cluster 0
BODREX FLU & BATUK PE/4'S,9.0,Orange,FEBRUARI,3,CB 1,76.0,73.5,74.2,73.7,73.4,73.5,74.2,73.7,73.4,306.13,299.0,102.3846153846154,4.82,4.73,4.775,20.5,20.3,11.6,11.4,83.7,81.4,85.0,82.8,41.8,38.5,41.6,38.6,18.183333333333334,2.066666666666667,17.883333333333333,2.183333333333333,52.0,1.5,321.5,315.0,102.06349206349203,4.735,SELESAI,KUNING,FEBRUARI,2,CB 1,200.0,71.7,71.3,71.9,71.5,71.6,72.5,72.4,72.4,71.4,71.3,71.6,71.3,71.8,72.2,72.1,72.2,546.8199999999999,531.53,102.8766015088518,3.43,3.42,3.19,3.12,3.29,19.1,19.1,20.2,19.8,9.6,9.7,10.2,9.9,80.6,80.8,81.0,80.7,44.9,45.7,46.0,45.9,31.716666666666665,34.766666666666666,33.06666666666667,34.5,52.0,1.5,SELESAI,0,0,0,0,0,0,0,0,0,0,0,0,73.7,0.3559,71.91,0.4643,0,0,1,0,1,0,0,0,0,0,2,2,0,0,1,1,29,-,1,-0.505020416486086,0,0.0770224853618636,0,1.0610163799494949e-05,1,0,Normal,Normal,Normal,Defect,Normal,0,Cluster 0
BODREX FLU & BATUK PE/4'S,1.0,Orange,FEBRUARI,3,CB 1,76.0,73.7,73.5,73.4,73.7,73.5,73.4,73.2,73.0,300.04,299.0,100.34782608695652,4.89,4.88,4.885,22.4,23.6,13.2,14.2,84.2,83.9,85.2,84.7,38.5,37.9,39.0,38.6,15.166666666666666,5.166666666666667,16.0,5.2,52.0,1.5,315.9,315.0,100.28571428571428,4.76,SELESAI,KUNING,FEBRUARI,2,CB 2,200.0,73.2,72.6,71.9,72.2,72.3,72.1,72.4,72.2,73.1,72.4,71.7,72.0,72.1,72.3,71.8,72.2,530.15,531.53,99.74037213327564,3.5,3.4,3.48,3.19,3.3925,20.4,20.1,20.5,20.3,11.9,11.7,11.9,11.7,85.1,83.7,85.8,80.4,40.8,41.0,41.0,41.2,31.28333333333333,31.55,31.6,33.31666666666667,52.0,1.5,SELESAI,0,0,0,0,0,0,0,0,0,0,0,0,73.58,0.15,72.36,0.3962,0,0,0,0,1,0,0,0,0,0,2,2,0,1,1,1,30,-,1,-0.5490199754481228,0,0.1692977766779482,0,1.0610163799494949e-05,1,0,Normal,Normal,Normal,Defect,Normal,0,Cluster 0
BODREX FLU & BATUK PE/4'S,2.0,Orange,FEBRUARI,3,CB 1,76.0,73.6,73.4,73.8,73.6,73.4,73.3,73.7,73.5,302.3,299.0,101.10367892976588,5.01,4.98,4.995,25.7,22.3,13.8,13.6,85.6,84.5,86.5,80.95,38.9,38.0,39.7,38.25,15.5,5.0,16.733333333333334,0.0,52.0,1.5,318.3,315.0,101.04761904761904,4.74,SELESAI,KUNING,FEBRUARI,3,CB 2,200.0,71.1,71.5,71.2,71.4,71.3,71.2,71.5,72.2,80.9,71.3,71.0,71.2,71.1,70.9,71.7,72.0,540.57,531.53,101.70075066317987,10.17,3.49,3.46,3.44,5.140000000000001,20.0,20.0,20.1,20.3,11.3,11.2,11.3,11.8,84.5,81.3,85.5,78.9,41.0,40.5,40.8,39.9,32.7,31.83333333333333,32.266666666666666,34.583333333333336,52.0,1.5,SELESAI,1,0,0,0,0,1,0,0,0,0,0,1,73.6,0.1633,71.43,0.3454,0,0,0,0,0,0,0,0,0,0,2,2,0,1,1,1,31,cb2_suhu_diosna_lot1_1 tinggi (80.90°C > 75°C) | cb2_ka1 ekstrem (10.17% > 10%) | Terdapat 1 indikator KA ekstrem,1,-0.4809878886799656,0,0.2444177892765297,0,0.0068100394358581,1,0,Defect,Normal,Normal,Defect,Normal,0,Cluster 0
BODREX FLU & BATUK PE/4'S,3.0,Orange,FEBRUARI,3,CB 1,76.0,73.5,73.3,73.7,73.4,73.2,73.0,73.6,73.2,307.53,299.0,102.85284280936452,4.88,4.92,4.9,23.4,23.8,14.0,14.6,77.9,87.0,76.7,86.2,36.5,39.2,36.6,39.9,25.166666666666668,10.083333333333334,20.166666666666668,8.166666666666666,52.0,1.5,323.1,315.0,102.57142857142858,4.97,SELESAI,KUNING,FEBRUARI,1,CB 2,200.0,71.9,71.7,72.1,71.0,71.5,71.8,71.3,71.7,71.7,71.6,71.9,71.0,71.3,71.7,71.1,71.6,540.61,531.53,101.7082761085922,3.42,3.4,3.39,3.44,3.4125,18.4,18.7,18.5,18.7,9.8,11.4,10.6,11.3,79.8,79.1,79.5,80.0,39.9,39.8,39.7,40.2,34.016666666666666,34.8,34.88333333333333,35.31666666666667,52.0,1.5,SELESAI,0,0,0,0,0,0,0,0,0,0,0,0,73.47,0.1708,71.63,0.3495,0,0,0,0,1,0,0,0,0,0,2,2,0,1,1,1,32,-,1,-0.4958519602352577,0,0.1360500515118668,0,1.0610163799494949e-05,1,0,Normal,Normal,Normal,Defect,Normal,0,Cluster 0
BODREX FLU & BATUK PE/4'S,4.0,Orange,FEBRUARI,1,CB 1,76.0,74.0,75.9,73.7,75.0,73.7,75.7,73.6,74.2,304.20000000000005,299.0,101.73913043478262,4.73,5.05,4.890000000000001,20.8,21.5,11.6,12.2,86.2,78.8,77.7,84.7,39.9,37.6,39.2,39.2,25.166666666666668,8.083333333333334,19.166666666666668,8.0,52.0,1.5,320.3,315.0,101.68253968253968,4.73,SELESAI,KUNING,FEBRUARI,2,CB 2,200.0,71.8,72.0,72.2,72.5,72.5,72.8,71.6,71.4,71.5,71.6,72.0,72.1,72.2,72.4,71.3,71.1,531.1,531.53,99.9191014618178,3.46,3.22,3.38,3.45,3.3774999999999995,18.9,18.7,18.4,18.8,11.3,11.1,10.9,11.0,84.2,80.4,79.8,84.3,39.8,40.3,39.7,39.9,35.96666666666667,37.18333333333333,36.7,35.516666666666666,52.0,1.5,SELESAI,0,0,0,0,0,0,0,0,0,0,0,0,74.65,1.0017,72.1,0.487,0,0,0,0,1,0,0,0,0,0,2,2,0,1,1,1,33,-,0,-0.4567221911086126,0,0.1769894372555183,0,0.3039087275156834,0,0,Normal,Normal,Normal,Normal,Normal,0,Cluster 0
BODREX FLU & BATUK PE/4'S,5.0,Orange,FEBRUARI,1,CB 1,76.0,74.9,74.4,74.4,74.0,74.5,74.0,74.1,73.5,306.51,299.0,102.51170568561874,4.83,5.03,4.93,21.1,21.0,12.0,12.6,84.7,77.8,88.0,76.1,39.7,36.0,40.0,36.5,16.0,2.0,15.5,2.0166666666666666,52.0,1.5,322.5,315.0,102.38095238095238,4.88,SELESAI,KUNING,FEBRUARI,2,CB 2,200.0,72.4,72.6,72.2,72.3,72.0,72.2,72.4,72.2,72.1,72.3,72.0,72.0,71.7,72.0,72.3,72.0,541.17,531.53,101.81363234436438,3.35,3.12,3.49,3.38,3.335,18.9,18.5,18.3,19.1,11.6,11.5,10.9,11.7,78.9,81.6,81.4,86.0,39.7,40.5,39.2,39.6,36.53333333333333,37.35,35.68333333333333,36.1,52.0,1.5,SELESAI,0,0,0,0,0,0,0,0,0,0,0,0,74.43,0.3686,72.29,0.1808,0,0,0,0,1,0,0,0,0,0,2,2,0,1,1,1,34,-,1,-0.4658911923283865,0,0.0938189433417056,0,1.0610163799494949e-05,1,0,Normal,Normal,Normal,Defect,Normal,0,Cluster 0
BODREX FLU & BATUK PE/4'S,6.0,Orange,FEBRUARI,2,CB 1,76.0,75.6,74.5,75.3,75.0,75.4,74.1,75.2,74.7,305.29,299.0,102.10367892976588,4.99,5.05,5.02,20.8,20.9,12.1,11.9,84.0,82.2,85.6,88.8,40.7,37.8,40.8,36.4,15.45,3.5,15.75,4.0,52.0,1.5,321.3,315.0,102.0,4.01,SELESAI,KUNING,FEBRUARI,3,CB 2,200.0,71.9,72.2,71.3,71.2,71.7,72.2,72.3,72.7,71.7,72.1,71.1,71.0,71.5,72.0,72.1,72.5,543.57,531.53,102.2651590691024,3.32,3.12,3.28,3.42,3.285,18.9,18.8,19.0,19.1,11.5,11.3,11.6,11.8,81.8,83.3,85.5,81.3,39.8,39.5,40.0,39.8,35.46666666666667,37.23333333333333,36.516666666666666,36.333333333333336,52.0,1.5,SELESAI,0,0,0,0,0,0,0,0,0,0,0,0,75.1,0.469,71.94,0.5153,0,0,0,0,1,1,0,0,0,0,2,2,0,1,1,1,35,-,1,-0.4871277262062896,0,0.099881237584385,0,1.0610163799494949e-05,1,0,Normal,Normal,Normal,Defect,Normal,0,Cluster 0
BODREX FLU & BATUK PE/4'S,7.0,Orange,FEBRUARI,1,CB 1,76.0,74.1,73.9,73.6,73.4,74.0,73.4,73.4,73.2,303.35,299.0,101.45484949832776,5.07,4.83,4.95,22.4,23.0,12.4,12.8,84.7,83.2,85.0,84.3,39.6,38.7,39.8,39.1,15.45,3.5,15.75,4.0,52.0,1.5,319.3,315.0,101.36507936507935,4.735,SELESAI,KUNING,MARET,1,CB 2,200.0,71.5,71.8,71.4,71.6,71.2,71.6,72.0,71.8,71.3,71.6,71.2,71.4,71.0,71.4,71.8,79.6,541.1,531.53,101.80046281489284,3.4,3.27,3.32,10.44,5.1075,18.5,18.7,18.9,18.7,10.6,11.1,11.4,11.6,82.9,83.8,82.8,82.6,39.8,40.0,40.2,39.9,33.333333333333336,34.666666666666664,35.0,34.28333333333333,52.0,1.5,SELESAI,1,0,0,0,0,0,0,0,1,0,0,1,73.75,0.3109,71.61,0.2532,0,0,0,0,0,0,0,0,0,0,2,3,0,1,1,1,36,cb2_suhu_diosna_lot4_2 tinggi (79.60°C > 75°C) | cb2_ka4 ekstrem (10.44% > 10%) | Terdapat 1 indikator KA ekstrem,0,-0.444265419072832,0,0.4977780801873055,0,0.0009955170626141,0,0,Defect,Normal,Normal,Normal,Normal,0,Cluster 0
BODREX FLU & BATUK PE/4'S,8.0,Orange,MARET,1,CB 1,76.0,73.5,74.0,74.0,74.2,73.1,73.8,73.8,74.0,306.19,299.0,102.40468227424748,5.04,4.89,4.965,20.8,20.9,11.7,11.7,82.9,80.8,82.5,81.4,40.0,38.4,39.8,38.5,16.016666666666666,2.0,16.583333333333332,1.75,52.0,1.5,322.3,315.0,102.31746031746032,4.735,SELESAI,KUNING,MARET,2,CB 2,200.0,71.4,71.5,71.0,71.2,71.9,71.6,71.3,71.5,71.1,71.3,70.9,71.0,71.4,71.5,71.0,71.4,539.8,531.53,101.55588583899308,3.39,3.45,3.5,3.2,3.385,18.4,18.7,18.6,18.8,10.7,11.4,10.8,11.6,83.0,80.4,85.1,82.6,40.3,40.0,39.8,39.8,35.083333333333336,37.23333333333333,37.13333333333333,37.38333333333333,52.0,1.5,SELESAI,0,0,0,0,0,0,0,0,0,0,0,0,73.92,0.2986,71.43,0.2712,0,0,0,0,1,0,0,0,0,0,3,3,0,1,1,1,37,-,0,-0.415883111074927,0,0.158299056604298,0,1.0610163799494949e-05,0,0,Normal,Normal,Normal,Normal,Normal,0,Cluster 0
BODREX FLU & BATUK PE/4'S,9.0,Orange,MARET,1,CB 1,76.0,73.6,73.8,74.2,74.5,73.5,73.3,73.4,73.7,306.26,299.0,102.42809364548496,5.09,5.01,5.05,21.0,21.1,12.1,12.0,83.0,81.8,83.3,83.0,39.8,38.5,39.6,40.4,14.333333333333334,1.7833333333333332,15.433333333333334,1.7,52.0,1.5,322.2,315.0,102.28571428571428,4.735,SELESAI,KUNING,MARET,2,CB 2,200.0,71.4,71.6,71.3,71.8,71.7,71.5,71.6,71.5,71.2,71.7,71.2,71.4,71.6,71.0,71.3,71.0,533.0,531.53,100.27656011890204,3.48,3.36,3.46,3.45,3.4375,18.8,18.7,18.8,18.7,11.4,11.4,11.6,11.4,80.7,84.5,81.1,82.6,40.0,40.1,39.7,39.8,36.95,37.18333333333333,36.86666666666667,35.916666666666664,52.0,1.5,SELESAI,0,0,0,0,0,0,0,0,0,0,0,0,74.02,0.4031,71.55,0.1604,0,0,0,0,1,0,0,0,0,0,3,3,0,1,1,1,38,-,0,-0.4020477740464604,0,0.1105051015032777,0,1.0610163799494949e-05,0,0,Normal,Normal,Normal,Normal,Normal,0,Cluster 0
BODREX FLU & BATUK PE/4'S,10.0,Orange,MARET,2,CB 1,76.0,74.1,74.5,74.3,74.0,73.8,74.1,74.0,73.7,301.92,299.0,100.97658862876251,4.87,5.07,4.970000000000001,20.6,20.8,11.8,11.9,84.6,78.6,85.6,74.5,41.5,37.7,40.1,37.0,17.7,21.383333333333333,15.05,1.8166666666666669,52.0,1.5,317.5,315.0,100.79365079365078,4.61,SELESAI,KUNING,MARET,1,CB 2,200.0,71.2,71.4,71.4,71.6,71.0,71.2,71.5,71.8,71.0,71.1,71.4,71.3,70.8,71.0,71.3,71.5,537.7,531.53,101.16079995484736,3.27,3.29,3.37,3.42,3.3375,19.0,18.8,18.6,19.0,11.6,11.6,10.5,11.7,83.7,83.4,82.8,83.0,40.8,40.6,40.4,39.9,36.0,35.96666666666667,35.78333333333333,35.666666666666664,52.0,1.5,SELESAI,0,0,0,0,0,0,0,0,0,0,0,0,74.22,0.2217,71.39,0.2532,0,0,0,0,1,0,0,0,0,0,3,3,0,1,1,1,39,-,0,-0.4127270056262895,0,0.1778517508080164,0,1.0610163799494949e-05,0,0,Normal,Normal,Normal,Normal,Normal,0,Cluster 0
BODREX FLU & BATUK PE/4'S,11.0,Orange,MARET,2,CB 1,76.0,74.9,74.7,74.6,74.8,74.5,74.3,74.4,74.6,305.74,299.0,102.25418060200668,4.87,5.1,4.984999999999999,21.0,20.9,12.0,11.8,84.5,76.8,85.0,63.5,40.1,37.1,40.0,37.5,15.15,1.5,16.133333333333333,2.466666666666667,52.0,1.5,321.7,315.0,102.12698412698413,4.67,SELESAI,KUNING,MARET,2,CB 2,200.0,71.5,71.3,71.4,71.6,71.6,71.7,71.2,71.9,71.3,71.0,71.2,71.0,71.3,71.1,71.4,71.0,532.57,531.53,100.1956615807198,3.5,3.21,3.37,3.46,3.385,18.8,18.6,18.8,19.0,11.5,11.2,11.6,11.6,81.7,85.4,85.1,83.5,39.8,40.2,39.8,40.0,36.68333333333333,37.3,36.96666666666667,36.55,52.0,1.5,SELESAI,0,0,0,0,0,0,0,0,0,0,0,0,74.75,0.1291,71.52,0.2252,0,0,0,0,1,0,0,0,0,0,3,3,0,1,1,1,40,-,0,-0.4230834715635526,0,0.0821817710676551,0,1.0610163799494949e-05,0,0,Normal,Normal,Normal,Normal,Normal,0,Cluster 0
BODREX FLU & BATUK PE/4'S,12.0,Orange,MARET,1,CB 1,76.0,74.0,74.2,74.5,74.6,73.8,74.0,74.1,74.4,306.98,299.0,102.66889632107024,4.85,5.0,4.925,21.4,21.4,12.3,12.1,85.5,82.9,85.9,71.9,39.6,38.6,39.4,36.0,15.0,3.0166666666666666,14.683333333333334,1.6666666666666663,52.0,1.5,323.0,315.0,102.53968253968252,5.09,SELESAI,KUNING,MARET,2,CB 2,200.0,71.4,71.8,71.6,71.9,71.4,71.7,71.8,71.6,71.2,71.6,71.3,71.2,71.3,71.4,71.3,71.8,543.52,531.53,102.25575226233704,3.49,3.42,3.45,3.44,3.45,18.8,18.9,18.7,18.8,11.4,11.7,10.8,11.5,80.3,84.2,86.0,83.6,40.0,40.3,39.8,39.9,36.86666666666667,37.11666666666667,36.91666666666666,36.95,52.0,1.5,SELESAI,0,0,0,0,0,0,0,0,0,0,0,0,74.32,0.2754,71.65,0.1852,0,0,0,0,1,0,0,0,0,0,3,3,0,1,1,1,41,-,0,-0.4130082174092704,0,0.126586358353844,0,1.0610163799494949e-05,0,0,Normal,Normal,Normal,Normal,Normal,0,Cluster 0
BODREX FLU & BATUK PE/4'S,1.0,Orange,MARET,1,CB 1,76.0,74.5,74.2,73.8,74.0,74.1,73.8,73.3,73.7,300.08,299.0,100.36120401337791,5.07,4.92,4.995,20.7,21.4,11.8,12.8,85.3,84.1,84.4,82.6,40.1,35.6,40.1,35.5,15.35,2.2333333333333334,15.466666666666669,2.1333333333333333,52.0,1.5,321.5,315.0,0.0,4.735,TIDAK DIKETAHUI,KUNING,MARET,2,CB 2,200.0,71.8,71.5,71.3,71.9,71.6,71.7,71.4,71.6,71.5,71.2,71.0,71.5,71.3,71.3,71.1,71.2,534.26,531.53,100.5136116493895,3.44,3.45,3.47,3.5,3.4650000000000003,18.9,19.0,18.5,18.3,10.8,11.1,10.9,10.7,85.8,82.3,83.0,77.1,39.6,40.2,41.0,39.0,30.166666666666668,29.116666666666667,30.016666666666666,32.53333333333333,52.0,1.5,SELESAI,1,0,0,0,0,0,0,0,0,0,0,0,74.12,0.2986,71.6,0.2,0,1,0,0,1,0,0,0,0,0,3,3,0,1,0,1,42,ck1_keterangan bukan status selesai: TIDAK DIKETAHUI,1,-0.4632056410720278,1,0.6019109651781395,0,0.0089038455518192,2,1,Defect,Defect,Normal,Defect,Defect,0,Cluster 0
BODREX FLU & BATUK PE/4'S,1.0,Orange,MARET,1,CB 1,38.0,74.1,74.3,74.1,73.95,73.6,73.8,73.8,73.7,151.53,299.0,50.67892976588628,5.02,5.0,5.02,20.8,20.6,12.0,11.7,85.1,80.5,84.1,80.95,40.3,36.2,40.3,38.25,15.466666666666669,3.6833333333333336,0.0,0.0,52.0,1.5,316.9,315.0,100.6031746031746,4.84,SELESAI,KUNING,UNKNOWN,2,UNKNOWN,200.0,71.7,71.6,71.5,71.6,71.6,71.6,71.6,71.7,71.5,71.3,71.2,71.3,71.3,71.35,71.3,71.4,538.25,531.53,101.2125373920569,3.405,3.395,3.36,3.42,3.3675,18.9,18.9,18.8,19.0,10.85,11.0,10.8,11.0,83.4,82.85,83.4,82.8,40.1,40.25,40.3,40.0,33.25,33.641666666666666,33.475,34.54166666666667,52.0,1.5,TIDAK DIKETAHUI,1,0,0,0,0,0,0,0,0,0,0,0,74.11,0.1436,71.61,0.0641,1,0,0,0,1,0,0,0,0,0,3,0,0,-1,1,0,43,cb1_pct_yield rendah (50.68% < 99.0%) | ck2_keterangan bukan status selesai: TIDAK DIKETAHUI,0,-0.442709165610501,1,0.7249852257835826,1,0.999966553698788,2,1,Defect,Defect,Defect,Normal,Defect,0,Cluster 0
BODREX FLU & BATUK PE/4'S,2.0,Orange,MARET,1,CB 1,76.0,74.7,74.9,74.5,73.9,74.3,74.6,74.0,73.6,310.4,299.0,103.81270903010034,4.96,5.0,4.98,22.0,20.7,13.0,12.6,80.3,82.8,80.3,80.5,40.0,36.0,40.3,35.8,15.333333333333334,2.083333333333333,18.3,2.2,52.0,1.5,326.3,315.0,103.58730158730158,4.735,SELESAI,KUNING,MARET,2,CB 2,200.0,71.5,71.2,71.7,71.9,71.1,71.8,71.4,71.7,71.3,71.0,71.3,71.6,70.9,71.4,70.8,71.4,541.51,531.53,101.87759863036894,3.37,3.47,3.22,3.22,3.3200000000000003,19.1,18.8,18.3,18.7,11.0,10.8,10.3,10.9,84.1,76.8,82.6,85.0,43.0,40.8,40.7,41.8,35.166666666666664,34.06666666666667,37.41666666666666,36.9,52.0,1.5,SELESAI,1,0,0,0,0,0,0,0,0,0,0,0,74.5,0.432,71.54,0.2875,1,1,0,0,1,0,0,0,0,0,3,3,0,1,1,1,44,cb1_pct_yield tinggi (103.81% > 103.1%) | ck1_pct_yield tinggi (103.59% > 102.9%),1,-0.4691694970376369,1,0.5464839630740368,1,0.999966553698788,3,1,Defect,Defect,Defect,Defect,Defect,0,Cluster 0
BODREX FLU & BATUK PE/4'S,3.0,Orange,MARET,1,CB 1,76.0,74.15,74.2,74.1,73.95,73.95,74.0,73.8,73.7,305.615,299.0,102.2123745819398,4.985,5.0,4.987500000000001,20.8,20.6,11.8,11.7,84.55,81.94999999999999,84.1,80.95,41.2,38.5,40.3,38.25,16.666666666666664,3.05,16.108333333333334,2.325,52.0,1.5,321.5,315.0,102.03174603174602,4.735,TIDAK DIKETAHUI,KUNING,UNKNOWN,2,UNKNOWN,200.0,71.7,71.6,71.5,71.6,71.6,71.6,71.6,71.7,71.5,71.3,71.2,71.3,71.3,71.35,71.3,71.4,538.25,531.53,101.2125373920569,3.405,3.395,3.36,3.42,3.3675,18.9,18.9,18.8,19.0,10.85,11.0,10.8,11.0,83.4,82.85,83.4,82.8,40.1,40.25,40.3,40.0,33.25,33.641666666666666,33.475,34.54166666666667,52.0,1.5,TIDAK DIKETAHUI,0,0,0,0,0,0,0,0,0,0,0,0,74.1,0.108,71.61,0.0641,0,0,0,0,1,0,0,0,0,0,3,0,0,-1,0,0,45,-,0,-0.4114334958376393,0,0.4046606439369276,0,1.0610163799494949e-05,0,0,Normal,Normal,Normal,Normal,Normal,0,Cluster 0
BODREX FLU & BATUK PE/4'S,4.0,Orange,MARET,1,CB 1,76.0,74.15,74.2,74.1,73.95,73.95,74.0,73.8,73.7,305.615,299.0,102.2123745819398,4.985,5.0,4.987500000000001,20.8,20.6,11.8,11.7,84.55,81.94999999999999,84.1,80.95,41.2,38.5,40.3,38.25,16.666666666666664,3.05,16.108333333333334,2.325,52.0,1.5,321.5,315.0,102.03174603174602,4.735,TIDAK DIKETAHUI,KUNING,UNKNOWN,2,UNKNOWN,200.0,71.7,71.6,71.5,71.6,71.6,71.6,71.6,71.7,71.5,71.3,71.2,71.3,71.3,71.35,71.3,71.4,538.25,531.53,101.2125373920569,3.405,3.395,3.36,3.42,3.3675,18.9,18.9,18.8,19.0,10.85,11.0,10.8,11.0,83.4,82.85,83.4,82.8,40.1,40.25,40.3,40.0,33.25,33.641666666666666,33.475,34.54166666666667,52.0,1.5,TIDAK DIKETAHUI,0,0,0,0,0,0,0,0,0,0,0,0,74.1,0.108,71.61,0.0641,0,0,0,0,1,0,0,0,0,0,3,0,0,-1,0,0,46,-,0,-0.4106454367385994,0,0.4041900557016334,0,1.0610163799494949e-05,0,0,Normal,Normal,Normal,Normal,Normal,0,Cluster 0
